{"type":"Topology","transform":{"scale":[0.0005656926653016978,0.00045997285353535357],"translate":[-178.29411000000002,18.917466]},"arcs":[[[41023,1764],[42,0],[33,24],[69,-1],[44,-106],[-4,-107],[59,-33],[6,-47],[77,-74],[157,-88],[9,-24],[-24,-82],[-81,-94],[-106,-88],[-92,-105],[-143,-71],[-127,-88],[-128,-33],[-104,29],[-57,-18],[-78,-70],[-34,-54],[-101,-46],[-64,-78],[-91,-31],[-93,-121],[1,-77],[-69,-104],[0,-40],[-31,-22],[-43,-62],[-60,-53],[-95,113],[-67,27],[-75,70],[-85,21],[-48,28],[-9,42],[-39,55],[-23,87],[32,210],[2,88],[12,36],[14,135],[-20,89],[-26,50],[8,32],[-27,50],[3,87],[-53,22],[-14,126],[-18,86],[-48,123],[-55,16],[3,48],[-43,68],[-22,59],[26,108],[49,47],[69,95],[31,21],[44,-7],[81,154],[3,20],[64,80],[37,15],[13,129],[-68,94],[-31,62],[-26,84],[-13,129],[8,67],[49,70],[37,8],[74,-25],[114,-60],[25,-59],[139,-83],[42,-44],[86,-51],[40,18],[160,-60],[111,-55],[133,-88],[106,-52],[52,-53],[65,-45],[106,-106],[40,-75],[47,-40],[19,-39],[-18,-76],[2,-168],[10,-19]],[[11590,14946],[27,-6],[4,-58],[-46,-27],[-9,67],[24,24]],[[35659,5229],[-32,111],[-69,66],[-23,96],[-72,86],[-2,114],[-80,77],[44,15],[113,7],[36,-8],[79,10],[81,90],[28,66],[81,90],[87,28],[38,-50],[40,-84],[1,-47],[101,-143],[25,-13],[28,-60],[-28,-66],[21,-88],[44,-20],[18,-43],[56,-19],[-1,70],[66,12],[-6,-77],[56,-88],[1,-65],[26,-45],[71,-67],[-99,-87],[-21,54],[-100,-29],[-26,-28],[-50,0],[-43,64],[-79,36],[-110,0],[-28,47],[-100,-41],[-112,-23],[-43,7],[-17,45]],[[37617,4931],[47,8],[44,50],[30,-79],[49,-17]],[[37787,4893],[34,-45],[-34,-39],[-33,52],[-25,0],[-40,48],[-72,22]],[[33054,6481],[-26,0],[-49,40],[-60,87],[-59,14],[-93,38],[-53,82],[3,98],[67,80],[26,92],[60,49],[53,12],[152,121],[43,6],[103,-40],[22,48],[101,-28],[43,23],[70,-34],[25,6],[67,-67],[12,-68],[20,-13],[1,-78],[-72,-146],[-6,-38],[11,-148],[-84,-80],[-46,-58],[-67,-56],[-79,37],[-114,5],[-71,16]],[[31912,6276],[-14,24],[8,73],[25,81],[72,81],[94,55],[26,31],[17,70],[72,18],[24,-15],[-35,-90],[-13,-61],[12,-67],[-36,-25],[-110,-43],[-50,-92],[-27,-73],[-23,-12],[-42,45]],[[37534,4292],[4,47],[41,30],[82,11],[32,-13],[94,-8],[37,-15],[107,-113],[48,-82],[0,-36],[-51,-97],[-125,-55],[-104,-9],[-29,47],[-17,65],[9,62],[-39,85],[-77,50],[-12,31]],[[38256,3463],[-53,-8],[-37,45],[42,64],[50,19],[73,61],[60,28],[59,-57],[-23,-82],[28,-17],[-81,-50],[-31,27],[-87,-30]],[[39019,3711],[-144,-83],[-86,2],[-46,-19],[-67,17],[-49,60],[-13,62],[12,30],[-13,151],[-13,24],[-10,98],[-74,39],[-56,-46],[-167,93],[-82,107],[-17,78],[-21,31],[10,70],[51,118],[40,44],[89,12],[21,-28],[61,-32],[31,-82],[51,-72],[44,-87],[157,55],[59,47],[50,19],[67,-5],[99,-34],[1,-31],[100,-89],[12,-25],[60,-9],[30,-74],[45,10],[54,-46],[46,-5],[53,-28],[34,-61],[-5,-97],[-48,-81],[-29,-7],[-40,-61],[-50,0],[-108,-67],[-89,18],[-50,-16]],[[37787,4893],[38,9],[51,-17],[81,22],[89,12],[52,-8],[50,-53],[-62,-94],[-80,-72],[-126,-39],[-20,-18],[-136,40],[-222,83],[-113,-20],[-196,-14],[-77,14],[-27,19],[34,88],[60,63],[33,100],[69,-4],[17,-25],[63,-15],[104,-6],[60,-19],[88,-8]]],"objects":{"hawaii":{"type":"GeometryCollection","geometries":[{"arcs":[[0]],"type":"Polygon","properties":{"GEO_ID":"0500000US15001","STATE":"15","COUNTY":"001","NAME":"Hawaii","LSAD":"County","CENSUSAREA":4028.417}},{"arcs":[[[1]],[[2]]],"type":"MultiPolygon","properties":{"GEO_ID":"0500000US15003","STATE":"15","COUNTY":"003","NAME":"Honolulu","LSAD":"County","CENSUSAREA":600.743}},{"arcs":[[3,4]],"type":"Polygon","properties":{"GEO_ID":"0500000US15005","STATE":"15","COUNTY":"005","NAME":"Kalawao","LSAD":"County","CENSUSAREA":11.991}},{"arcs":[[[5]],[[6]]],"type":"MultiPolygon","properties":{"GEO_ID":"0500000US15007","STATE":"15","COUNTY":"007","NAME":"Kauai","LSAD":"County","CENSUSAREA":619.956}},{"arcs":[[[7]],[[8]],[[9]],[[-5,10]]],"type":"MultiPolygon","properties":{"GEO_ID":"0500000US15009","STATE":"15","COUNTY":"009","NAME":"Maui","LSAD":"County","CENSUSAREA":1161.521}}]}}}